First Name,Last Name,Country,Car Brand,Car Model,Car Color,Year of Manufacture,Credit Card Type,Fuel Type
Yetty,###,Indonesia,Ford,Club Wagon,Teal,1993,mastercard,Diesel
Crystal,Bosworth,China,Cadillac,Escalade ESV,Fuscia,2007,mastercard,Petrol
Monro,Houdhury,Indonesia,Mazda,Miata MX-5,Orange,2009,maestro,Petrol
Bowie,Clair,China,Audi,A4,Orange,2005,instapayment,Petrol
Myrvyn,McAllister,###,Nissan,Maxima,Pink,1994,maestro,Diesel
Jarid,Son,Philippines,Bentley,Continental Flying Spur,Fuscia,2006,americanexpress,Petrol
Griffin,Letham,###,Lamborghini,Gallardo,Violet,2004,bankcard,Petrol
Kristin,Hubbock,Ethiopia,Suzuki,Daewoo Lacetti,Violet,2007,china-unionpay,Petrol
Nannie,Rainsdon,Canada,Pontiac,Grand Am,Khaki,1996,switch,Diesel
Eloisa,Thick,Armenia,Pontiac,Trans Sport,Violet,1994,jcb,Diesel
Harley,Birdwhistle,Philippines,Mitsubishi,Expo LRV,Pink,1996,jcb,Diesel
Yardley,Anniwell,Indonesia,Dodge,Spirit,Indigo,1994,jcb,Diesel
Artemis,Wrenn,United States,Hyundai,Elantra,Red,2000,maestro,Diesel
Jenica,Hambric,Portugal,Chevrolet,###,Goldenrod,2008,jcb,Petrol
Heath,Biagi,Pakistan,Chevrolet,Corvette,Maroon,1999,jcb,Diesel
Cymbre,Fulkes,Ukraine,Suzuki,SX4,Orange,2012,jcb,Petrol
Trueman,Whodcoat,Colombia,Mercedes-Benz,CLK-Class,Maroon,###,visa-electron,Petrol
Linn,###,Finland,Hyundai,Veracruz,Pink,2010,jcb,Petrol
Karilynn,Paradin,Poland,Mitsubishi,3000GT,Khaki,1998,americanexpress,Diesel
Franky,Hemerijk,France,Chevrolet,3500,Red,1996,mastercard,Diesel
Leshia,Ruhben,Colombia,Pontiac,Sunfire,Maroon,1996,mastercard,Diesel
Elvyn,Klimt,Portugal,Chevrolet,Camaro,Yellow,1998,jcb,Diesel
Josy,Mahedy,Sweden,Volvo,S40,Khaki,2010,jcb,Petrol
Godwin,Dowsing,Brazil,Dodge,Ram 2500,Red,###,americanexpress,Petrol
Charley,Haglinton,Portugal,Saturn,VUE,###,2009,jcb,Petrol
Adria,Lagneaux,Brazil,###,Yaris,Crimson,2012,china-unionpay,Petrol
Hermione,Huzzay,South Korea,Dodge,D250 Club,Maroon,1993,jcb,Diesel
Carmelia,Eatock,Thailand,Mazda,RX-7,Fuscia,1987,jcb,Diesel
Halsy,Garaway,Dominican Republic,Nissan,350Z,Pink,2009,jcb,Petrol
Dru,Abrahmson,Poland,Ford,Ranger,Purple,1992,jcb,Diesel
Bryana,Sheldon,Ukraine,Volkswagen,New Beetle,Purple,2001,jcb,Petrol
Corena,Purselow,###,GMC,Rally Wagon 1500,Teal,1993,jcb,Diesel
Drake,Dunseith,Greece,BMW,7 Series,Violet,1995,maestro,Diesel
Nickey,Flatt,Colombia,Chevrolet,###,Violet,###,jcb,Petrol
See,Glaserman,Tanzania,Mercedes-Benz,CL-Class,Goldenrod,2006,maestro,Petrol
Corrianne,Tukely,France,Oldsmobile,88,Blue,1994,switch,Diesel
Killie,Paffett,Bosnia and Herzegovina,Nissan,Altima,Orange,2002,jcb,Petrol
Montgomery,Budibent,Brazil,Toyota,Highlander,Blue,2006,mastercard,Petrol
Hyman,Ducaen,Nigeria,Toyota,TundraMax,Puce,2012,diners-club-enroute,Petrol
Lev,Shropshire,Chile,Ford,Taurus,Purple,1997,switch,Diesel
Cyndie,Hyndes,China,Mercedes-Benz,600SEL,Indigo,1993,instapayment,Diesel
Leonie,Pritchard,Uzbekistan,Ford,Expedition EL,Indigo,2010,jcb,Petrol
Leone,Byfford,Macedonia,Hyundai,Accent,Yellow,1996,diners-club-international,Diesel
Drusilla,Gittose,China,Buick,LaCrosse,Khaki,2011,diners-club-enroute,Petrol
Barn,Torricella,Venezuela,BMW,Z4 M,Teal,2008,diners-club-carte-blanche,Petrol
Ebony,Nemchinov,Brazil,Pontiac,Montana,Violet,2004,jcb,Petrol
Gillie,Spurdens,Poland,Hyundai,Genesis,Aquamarine,2011,jcb,Petrol
Lesya,Ellingworth,Indonesia,Toyota,Avalon,Crimson,1999,jcb,Diesel
Leticia,Bettington,China,GMC,Sierra 2500,Teal,1999,jcb,Diesel
Norine,Meach,Norway,Infiniti,###,Crimson,2012,visa-electron,Petrol
Lizbeth,Bottini,Indonesia,Ford,E-Series,Khaki,2006,mastercard,Petrol
Eydie,Pedlow,Indonesia,Buick,Regal,Turquoise,1987,###,Diesel
Kaye,McGinney,###,Kia,Rio,Yellow,2002,maestro,Petrol
Job,Mitchinson,Poland,Volkswagen,GTI,Maroon,2003,jcb,Petrol
Esta,Bruhke,Russia,Dodge,Ram Van 3500,Fuscia,2000,jcb,Diesel
Reinwald,O'Fielly,Namibia,Cadillac,Fleetwood,Indigo,1994,jcb,Diesel
Alicia,Milligan,Brazil,Oldsmobile,Ciera,Aquamarine,1993,jcb,Diesel
Janek,Pargetter,Indonesia,Mercury,Villager,Purple,1998,jcb,Diesel
Arda,Renish,Indonesia,Jaguar,XJ Series,Maroon,2003,visa-electron,Petrol
Loni,Tweedle,Guatemala,Toyota,Land Cruiser,Goldenrod,2005,laser,Petrol
Jacklyn,Fillery,Pakistan,BMW,7 Series,Puce,2012,maestro,Petrol
Gnni,Bridewell,China,Porsche,911,Green,2010,switch,Petrol
Willabella,Dumbrill,China,Isuzu,Rodeo Sport,Purple,2001,americanexpress,Petrol
Lorena,McGiveen,Russia,Mercedes-Benz,E-Class,Goldenrod,2001,maestro,Petrol
Latrena,Fowkes,Brazil,Lexus,IS,Crimson,2007,visa-electron,Petrol
Mia,Wasbey,Sweden,Kia,###,Violet,2003,mastercard,Petrol
Krysta,Woollard,France,BMW,X6 M,Orange,2012,visa-electron,Petrol
Kane,Safhill,Indonesia,Nissan,Frontier,Mauv,2004,switch,Petrol
Quentin,Putland,China,Volkswagen,Passat,Fuscia,1999,visa-electron,Diesel
Vin,Booth,Sweden,BMW,8 Series,Red,1995,jcb,Diesel
Keelia,Fronczak,China,Mitsubishi,Galant,Indigo,1999,jcb,Diesel
Randy,Dron,Brazil,GMC,Sonoma,Orange,1993,bankcard,Diesel
Pippa,Rodriguez,China,Nissan,Sentra,Mauv,1998,jcb,Diesel
Fawn,Mancktelow,Iran,Mercury,Cougar,Turquoise,1994,americanexpress,Diesel
Curtis,Kurt,Germany,Jaguar,X-Type,Violet,2004,americanexpress,Petrol
Gasper,Joder,China,Dodge,Grand Caravan,Red,1998,jcb,Diesel
Eberto,Crocombe,El Salvador,Dodge,D350 Club,Green,1993,jcb,Diesel
Annissa,Klambt,###,Hummer,H3,Khaki,2009,diners-club-us-ca,Petrol
Annamarie,Dietsche,Sweden,Mazda,Tribute,Red,2008,###,Petrol
Ginnie,Stimpson,France,GMC,Sierra 3500,Goldenrod,2011,diners-club-carte-blanche,Petrol
Rainer,Mogra,Philippines,Porsche,911,Goldenrod,2008,mastercard,Petrol
Alexandro,Bockman,Russia,Audi,Q7,Indigo,2012,maestro,Petrol
Bryan,Munford,Portugal,Ford,F150,Blue,2003,jcb,Petrol
Worth,MacInnes,Israel,Audi,90,Pink,1989,jcb,Diesel
Gaven,###,Benin,Audi,A4,Mauv,1999,instapayment,Diesel
Eydie,Polk,Israel,Pontiac,Grand Am,Puce,1995,maestro,Diesel
Dorise,Marshalleck,Mexico,Lincoln,Town Car,Turquoise,1985,americanexpress,Diesel
Charles,McIlhatton,China,Toyota,Camry,Violet,2007,jcb,Petrol
Dolorita,Ringsell,Paraguay,Mitsubishi,Expo,Maroon,1995,visa,Diesel
Laird,Melledy,Afghanistan,Jeep,Compass,Orange,2009,diners-club-enroute,Petrol
Rancell,Skewes,Indonesia,Audi,A4,Turquoise,2008,diners-club-carte-blanche,Petrol
Starr,Gorke,China,Pontiac,###,Blue,2002,americanexpress,Petrol
Jourdan,Winspear,Sweden,Porsche,Cayman,Aquamarine,2010,switch,Petrol
Angil,Bly,China,MINI,MINI,Green,2002,maestro,Petrol
Deonne,Arnot,Brazil,Dodge,Ram 50,Goldenrod,1992,bankcard,Diesel
Heddie,Crauford,Italy,Maybach,62,Khaki,###,jcb,Petrol
Chic,Nutbean,China,Mercedes-Benz,E-Class,Aquamarine,1984,china-unionpay,Diesel
Gina,Vaz,Poland,Chevrolet,Silverado 1500,Red,2004,bankcard,Petrol
Krishna,###,Uganda,Toyota,MR2,Teal,2002,mastercard,Petrol
Guenna,Kobes,China,Oldsmobile,Intrigue,Aquamarine,1999,jcb,Diesel
Gaspard,Finlan,Peru,Dodge,###,Aquamarine,1996,diners-club-carte-blanche,Diesel
Bald,Wiz,Mauritius,Mitsubishi,Excel,Violet,1988,switch,Diesel
Fionnula,Osment,China,Honda,###,Teal,2011,jcb,Petrol
Gipsy,Kingsley,China,Ford,Thunderbird,Yellow,1990,jcb,Diesel
Hughie,Skentelbery,Japan,Isuzu,Rodeo,Green,2002,jcb,Petrol
Valeda,Crohan,Japan,Dodge,Ram 2500 Club,Orange,1995,solo,Diesel
Iris,Dadswell,Chad,Kia,Sedona,Puce,2006,china-unionpay,Petrol
Dita,Turbayne,Colombia,Suzuki,SJ,Khaki,1985,jcb,Diesel
Clifford,McAvinchey,Spain,Acura,TL,Crimson,1997,jcb,Diesel
Dolli,Jiggens,Argentina,Isuzu,Rodeo,Blue,1993,diners-club-carte-blanche,Diesel
Adore,Englishby,China,Geo,Storm,Red,1992,jcb,Diesel
Dennet,Wase,Indonesia,Ford,F350,Fuscia,2003,jcb,Petrol
Liam,Adam,Poland,Ford,E150,Orange,1984,jcb,Diesel
Stanford,Peto,Cyprus,GMC,Sierra 3500HD,Fuscia,2006,jcb,Petrol
Shirline,Hamshar,Sierra Leone,GMC,Sierra,Pink,2010,mastercard,Petrol
Knox,McCrory,China,Scion,xB,Indigo,2012,maestro,Petrol
Ichabod,Bruggen,Indonesia,Mitsubishi,Precis,Khaki,1986,china-unionpay,Diesel
Davina,Spires,Ecuador,Ford,Laser,Blue,1988,jcb,Diesel
Florella,Southernwood,Portugal,Jeep,Cherokee,Purple,2000,visa,Diesel
Conrado,McNutt,China,Ford,###,Aquamarine,2000,laser,Diesel
Petunia,Benettini,Japan,Chevrolet,TrailBlazer,Maroon,2004,visa,Petrol
Jethro,Divisek,Brazil,Dodge,Ram Van 3500,Pink,1997,jcb,Diesel
Spencer,Barefoot,Brazil,Nissan,Pathfinder,Fuscia,2005,bankcard,Petrol
Agnella,Simonett,Russia,Jaguar,X-Type,Orange,2005,jcb,Petrol
Brandie,Kilgrove,Greece,Mitsubishi,Lancer Evolution,Khaki,2003,switch,Petrol
Bee,Orpyne,Mexico,Suzuki,Samurai,Fuscia,1992,maestro,Diesel
Marget,Steward,Vietnam,Land Rover,Discovery,Red,2000,visa-electron,Diesel
Waldemar,Birckmann,Philippines,Pontiac,Grand Prix,Maroon,1985,china-unionpay,Diesel
Eloisa,Scantleberry,China,Dodge,Viper,Mauv,1997,jcb,Diesel
Northrop,Drew,Japan,Eagle,Summit,Orange,1996,diners-club-enroute,Diesel
Hasty,Covolini,United States,Lamborghini,###,Crimson,1988,laser,Diesel
Cordula,Raund,Vietnam,Pontiac,Firefly,Fuscia,1985,jcb,Diesel
Lara,Pennetti,Cameroon,Suzuki,Esteem,Pink,1997,jcb,Diesel
Tad,Waszczykowski,China,Cadillac,Brougham,Aquamarine,1992,instapayment,Diesel
Arabelle,Shyres,Portugal,Volkswagen,rio,Aquamarine,1998,maestro,Diesel
Leora,Chiddy,Canada,Volkswagen,riolet,Mauv,1993,mastercard,Diesel
Robyn,Teanby,Canada,Isuzu,Ascender,Green,2006,diners-club-enroute,Petrol
Nickey,Turfitt,Indonesia,Ford,Taurus,Crimson,1998,china-unionpay,Diesel
Tyrone,Cuncarr,Indonesia,Toyota,Venza,Blue,2009,china-unionpay,Petrol
Rosmunda,Delgardillo,Russia,Volvo,C70,Teal,2000,jcb,Diesel
Beulah,Hitscher,Indonesia,Mitsubishi,Outlander,Orange,2011,switch,Petrol
Ilene,Pebworth,Estonia,Hummer,H1,Khaki,1999,jcb,Diesel
Stephana,Brattan,Brazil,Ford,F-Series,Purple,1997,visa-electron,Diesel
Minny,Witter,Poland,Audi,A4,Aquamarine,1998,maestro,Diesel
Anya,Martignon,China,GMC,###,Blue,1996,jcb,Diesel
Selie,Josland,Czech Republic,Audi,4000s,Blue,1985,bankcard,Diesel
Sayre,Tysall,France,Bentley,Continental,Purple,2007,bankcard,Petrol
Walker,Athy,Philippines,Mercury,Monterey,Pink,2007,jcb,Petrol
Gennifer,Nafziger,Philippines,Chevrolet,Impala,Orange,2005,jcb,Petrol
Sisely,Shoebottom,Philippines,Mazda,Millenia,Red,1998,laser,Diesel
Nelly,Tollett,Russia,Land Rover,Range Rover,Goldenrod,1990,mastercard,Diesel
Verina,Biasioni,Thailand,Chrysler,Sebring,Turquoise,2000,jcb,Diesel
Gillie,Abrey,Madagascar,Jeep,Cherokee,Mauv,1995,americanexpress,Diesel
Todd,Nilles,Greece,Ford,Explorer,Aquamarine,1995,bankcard,Diesel
Antin,Lakin,Guatemala,Lincoln,MKT,Purple,2013,china-unionpay,Petrol
Timmi,Bohey,Brazil,Mitsubishi,Endeavor,Aquamarine,2007,jcb,Petrol
Sergei,Drohun,Philippines,Audi,S4,Fuscia,2010,jcb,Petrol
Taddeo,Buckney,Philippines,Ford,F350,Purple,2000,americanexpress,Diesel
Alma,Hayers,Indonesia,Honda,Ridgeline,Blue,2010,jcb,Petrol
Teri,McGrory,Canada,Aston Martin,Vantage,Red,2010,laser,Petrol
Durand,Benazet,Ukraine,Lexus,SC,Pink,2006,jcb,Petrol
Roma,Leggis,China,Toyota,4Runner,Fuscia,2000,jcb,Diesel
Em,Wallege,Russia,Chevrolet,1500,Turquoise,1995,jcb,Diesel
Irvin,Grent,Croatia,Lincoln,Navigator,Red,2009,diners-club-enroute,Petrol
Vinni,Wildman,Russia,Chevrolet,S10 Blazer,Fuscia,1992,mastercard,Diesel
Hanny,Feavers,China,Subaru,Legacy,Mauv,1993,diners-club-carte-blanche,Diesel
Silas,Sedgmond,Canada,Chevrolet,Monte Carlo,Fuscia,2002,americanexpress,Petrol
Benedikta,Tunaclift,Indonesia,Mercury,Capri,Blue,1992,diners-club-enroute,Diesel
Camella,Hinz,Peru,Ford,F350,Blue,2001,jcb,Petrol
Bunni,Huggill,China,Cadillac,CTS-V,Aquamarine,2012,jcb,Petrol
Cece,Rumney,Egypt,Cadillac,Catera,Mauv,2001,jcb,Petrol
Anne-marie,Boxill,China,Suzuki,Esteem,Turquoise,2001,visa-electron,Petrol
Reinaldo,De Lacey,Brazil,Porsche,924,Pink,1988,maestro,Diesel
Katharina,Rapin,Poland,Lincoln,Navigator,Khaki,2006,diners-club-international,Petrol
Dominga,Ohlsen,Vietnam,Mitsubishi,###,Goldenrod,2000,diners-club-carte-blanche,Diesel
Juliana,Speerman,Russia,Scion,iQ,Green,2012,switch,Petrol
Aleda,Netherwood,Russia,Ford,Tempo,Violet,1986,diners-club-enroute,Diesel
Salomon,Zanetto,United States,Toyota,Corolla,Crimson,2007,jcb,Petrol
Nico,Strand,Ethiopia,Infiniti,Q,Mauv,2002,laser,Petrol
Spike,Basire,Poland,MINI,Cooper,Teal,2003,jcb,Petrol
Wallas,Kinnaird,France,Mercedes-Benz,300SE,Orange,1992,jcb,Diesel
Carter,Revan,Russia,Ford,Econoline E250,Indigo,1992,jcb,Diesel
Chere,Petschel,Colombia,Ford,Bronco II,Turquoise,1990,bankcard,Diesel
Oralia,Sainthill,China,Land Rover,Freelander,Green,2001,switch,Petrol
Annabell,Tompkiss,Colombia,Suzuki,XL-7,Mauv,2004,diners-club-carte-blanche,Petrol
Ivette,Tomadoni,Russia,Land Rover,Sterling,Green,1991,maestro,Diesel
Maridel,Clarke,China,Toyota,FJ Cruiser,Fuscia,2009,mastercard,Petrol
Sibby,Kitchingman,Russia,Honda,CR-V,Goldenrod,2007,jcb,Petrol
Matthus,Crabtree,China,Toyota,4Runner,Crimson,2006,americanexpress,Petrol
Mordy,Bediss,Philippines,Suzuki,Grand Vitara,Mauv,2011,switch,Petrol
Josephine,Torregiani,United States,Buick,Riviera,Violet,1985,laser,Diesel
Hedvig,Kliemann,Japan,###,Frontier,Puce,2012,china-unionpay,Petrol
Cristiano,Pummell,United States,Pontiac,LeMans,Goldenrod,1964,jcb,Diesel
Ruthe,Bedrosian,China,Volvo,S70,Fuscia,1999,visa,Diesel
Larisa,Maliffe,Portugal,Nissan,Frontier,Aquamarine,2001,jcb,Petrol
Chloe,Goacher,China,GMC,Canyon,Maroon,2011,americanexpress,Petrol
Cesare,Spencock,Panama,Suzuki,Esteem,Pink,2002,visa-electron,Petrol
Hanson,Vedekhin,Croatia,Mazda,MX-5,Crimson,1996,jcb,Diesel
Georgianna,Chevin,Brazil,Chevrolet,Camaro,Mauv,1968,jcb,Diesel
Fidole,Weekes,Indonesia,Acura,ZDX,###,2012,jcb,Petrol
Barnabas,MacArthur,Israel,BMW,600,Red,1959,mastercard,Diesel
Verla,Paddemore,Philippines,Isuzu,Rodeo,Purple,2001,bankcard,Petrol
Delainey,Revans,Mexico,Buick,Century,Maroon,1989,jcb,Diesel
Damita,Losty,Saint Kitts and Nevis,Pontiac,Grand Am,Puce,1999,jcb,Diesel
Alison,De Metz,Panama,Toyota,Matrix,Crimson,2004,jcb,Petrol
Cull,Raistrick,Japan,Dodge,Ram Van 1500,###,1997,jcb,Diesel
Etheline,Allone,Poland,###,Rodeo,Violet,1995,maestro,Diesel
Wait,Balogun,China,Acura,TL,Mauv,2001,jcb,Petrol
Eba,Cromwell,Indonesia,GMC,Yukon,Teal,1996,visa-electron,Diesel
Petr,Milam,Canada,Lincoln,Continental,Violet,1990,jcb,Diesel
Huntlee,Capehorn,Thailand,Mazda,RX-7,Fuscia,1984,jcb,Diesel
Celka,Stendell,China,Dodge,Ram 3500,Puce,1997,visa,Diesel
Theodosia,Gillmore,Brazil,Chevrolet,Monte Carlo,Yellow,1997,mastercard,Diesel
Husain,Pover,China,Volvo,C70,Fuscia,2008,mastercard,Petrol
Rebekkah,Davall,China,Mitsubishi,Mirage,Purple,1998,jcb,Diesel
Josefa,Bastable,Russia,Audi,TT,Violet,2009,instapayment,Petrol
Kesley,Trenear,Brazil,Isuzu,Trooper,Indigo,1992,jcb,Diesel
Jilleen,Meeson,Russia,Buick,Roadmaster,Green,1993,diners-club-enroute,Diesel
Parsifal,McKniely,Portugal,Pontiac,Grand Prix,Goldenrod,1980,visa-electron,Diesel
Hasty,Manjin,Brazil,Volvo,###,Red,2000,jcb,Diesel
Heywood,De Vere,China,Mercury,Mystique,Maroon,1996,jcb,Diesel
Kamillah,Linder,China,Geo,Metro,Aquamarine,1994,maestro,Diesel
Thebault,Shoebridge,Thailand,Mazda,MPV,Fuscia,1989,bankcard,Diesel
Granny,Howels,Malaysia,Cadillac,Seville,Teal,2000,jcb,Diesel
Alexandros,Pepperill,China,Mazda,Miata MX-5,Orange,2003,mastercard,Petrol
Dixie,Sidey,Luxembourg,Cadillac,Escalade EXT,Red,2008,mastercard,Petrol
Towny,Strethill,Japan,Chevrolet,Camaro,Turquoise,1997,maestro,Diesel
Emory,Frany,Russia,Ferrari,599 GTB Fiorano,Khaki,2010,bankcard,Petrol
Sophronia,Winsborrow,Indonesia,Suzuki,XL-7,Purple,2005,jcb,Petrol
Adena,Parradye,Moldova,Toyota,Camry,Maroon,2003,jcb,Petrol
Barbara-anne,Diglin,Czech Republic,BMW,525,Green,2003,diners-club-enroute,Petrol
Bethina,Slyne,Indonesia,Chevrolet,Express 1500,Orange,###,jcb,Petrol
Olivette,Hanhart,Peru,BMW,550,Goldenrod,2006,jcb,Petrol
Byrle,Drayton,Brazil,Ford,Edge,Violet,2009,jcb,Petrol
Donni,Lewsie,Spain,Volkswagen,Golf,Blue,1999,jcb,Diesel
Mable,Bortolotti,Portugal,###,Express 3500,Maroon,2002,laser,Petrol
Hedvig,Willcox,Indonesia,Ford,Crown Victoria,Puce,1993,jcb,Diesel
Terrance,Stradling,Venezuela,Buick,Skylark,Goldenrod,1986,visa-electron,Diesel
Rafaela,Baiyle,China,BMW,5 Series,Blue,1992,mastercard,Diesel
Staford,Karolovsky,China,BMW,7 Series,Blue,1993,jcb,Diesel
Roi,Stainfield,Morocco,Nissan,Sentra,Purple,2001,visa-electron,Petrol
Theodoric,Cassells,Sweden,Porsche,914,Orange,1970,jcb,Diesel
Erek,Elliot,Philippines,Aston Martin,DB9,Green,2010,jcb,Petrol
Emanuel,Oxley,Russia,Suzuki,XL-7,Goldenrod,2001,visa-electron,Petrol
Eveline,Inderwick,Brazil,Chevrolet,Cavalier,Red,2003,switch,Petrol
Constantia,Danett,China,Nissan,240SX,Violet,1996,jcb,Diesel
Chad,Cragell,Portugal,Aston Martin,DBS,Mauv,2009,china-unionpay,Petrol
Antonietta,Springtorp,Poland,GMC,Rally Wagon 2500,Khaki,1992,jcb,Diesel
Libbie,Childes,Poland,Dodge,Ram 2500,Green,1996,maestro,Diesel
Bard,Gronowe,Morocco,Ford,Windstar,Mauv,1997,visa,Diesel
Nikita,Stappard,Netherlands,Chevrolet,2500,Maroon,1998,mastercard,Diesel
Christen,Tomala,Ukraine,Jeep,Compass,Aquamarine,2012,jcb,Petrol
Bartholomeo,Aspole,Philippines,Mercury,Montego,Pink,2006,mastercard,Petrol
Josefa,McCarry,Slovenia,Lexus,LS,Yellow,2000,maestro,Diesel
Garner,Verbrugge,Japan,Isuzu,Axiom,Purple,2004,jcb,Petrol
Matthaeus,Duffill,Luxembourg,Toyota,T100 Xtra,Purple,1997,jcb,Diesel
Judie,Sotworth,Russia,Ford,Mustang,Yellow,2009,china-unionpay,Petrol
Hanna,Darracott,France,Chevrolet,Colorado,Red,2012,jcb,Petrol
Mattheus,Wark,Peru,Chevrolet,Cobalt SS,Indigo,2008,mastercard,Petrol
Mirabelle,Scrigmour,Finland,Mercury,Grand Marquis,Green,1995,instapayment,Diesel
Horacio,Utteridge,Brazil,Chevrolet,S10,Orange,1993,jcb,Diesel
Kassey,O'Crigane,Yemen,GMC,Sierra 2500,Puce,2004,americanexpress,Petrol
Rafaelita,Waulker,Russia,Cadillac,Seville,Blue,2003,instapayment,Petrol
Darci,Perkins,Czech Republic,Pontiac,Grand Prix,Indigo,1968,americanexpress,Diesel
Marcellus,Crosetto,Nigeria,Spyker,C8 Spyder Wide Body,Purple,2004,mastercard,Petrol
Konstantine,Mapes,Poland,Chevrolet,Corvair,Green,1960,switch,Diesel
Ozzie,de Courcy,Russia,Volkswagen,Jetta,Indigo,1998,switch,Diesel
Rhona,Pennock,Cuba,Mercedes-Benz,S-Class,Maroon,1997,bankcard,Diesel
Tomlin,Giampietro,Iran,Buick,Somerset,Aquamarine,1986,jcb,Diesel
Joachim,Capner,Togo,Eagle,Talon,Maroon,1994,switch,Diesel
Francisco,Jopp,China,Lincoln,Town Car,Red,2007,jcb,Petrol
Petra,Worsnap,Iran,Land Rover,Range Rover,Green,2012,instapayment,Petrol
Violette,Anger,Philippines,Subaru,B9 Tribeca,Orange,2007,switch,Petrol
Emilio,Gleed,Sweden,Chrysler,300,Khaki,2009,jcb,Petrol
Eleonora,Coldbath,United Kingdom,Cadillac,STS,Crimson,2010,visa-electron,Petrol
Joseito,Tasseler,China,Isuzu,Ascender,Crimson,2004,jcb,Petrol
Alasteir,Gaitone,Mexico,Mercury,Mountaineer,Khaki,2002,americanexpress,Petrol
Kale,Nazareth,Indonesia,Dodge,Dakota Club,Crimson,2006,jcb,Petrol
Jourdain,Mapplebeck,Ukraine,Honda,Prelude,Pink,1993,americanexpress,Diesel
Glory,Kopf,China,Buick,Reatta,Violet,1989,maestro,Diesel
Rosmunda,Rosedale,United States,Plymouth,Colt Vista,Puce,1993,jcb,Diesel
Yovonnda,Gostick,Mongolia,Isuzu,Trooper,Orange,1992,jcb,Diesel
Avrit,O'Farris,Poland,Dodge,Ram 1500,Red,2005,jcb,Petrol
Jenilee,Dunwoody,United States,Mitsubishi,Lancer Evolution,Orange,2011,diners-club-enroute,Petrol
Ewart,Bignold,Philippines,Mercury,Cougar,Violet,1990,bankcard,Diesel
Ernesta,Dever,China,Mercury,Villager,Crimson,2001,jcb,Petrol
Elberta,Coushe,Indonesia,Cadillac,Escalade,Violet,1999,bankcard,Diesel
Marcy,###,Paraguay,Jeep,Patriot,Crimson,2011,jcb,Petrol
Alvinia,Bedenham,China,Toyota,Corolla,Green,2002,jcb,Petrol
Yanaton,Dodgshun,Syria,Ford,E150,Purple,2006,bankcard,Petrol
Zandra,Jackman,Uganda,Mazda,626,Red,1997,jcb,Diesel
Wood,Wyles,Thailand,Pontiac,Montana,Indigo,2006,maestro,Petrol
Lorenzo,Pennone,China,Chevrolet,Express 1500,Violet,2005,jcb,Petrol
Nevins,Tenby,Indonesia,Mercedes-Benz,SL-Class,Indigo,2004,americanexpress,Petrol
Cordie,Gonneau,China,Lamborghini,Countach,Crimson,1985,mastercard,Diesel
Bryant,Hutchins,Russia,Dodge,Ram Van 3500,Red,2002,jcb,Petrol
Nanni,Carrick,Venezuela,MINI,Clubman,Purple,2011,visa,Petrol
Odille,Yerlett,Belarus,Mitsubishi,Truck,Violet,1989,visa,Diesel
Beauregard,Coytes,Canada,Dodge,Ram Van 1500,Orange,1999,switch,Diesel
Milicent,Delue,China,Mazda,Miata MX-5,Turquoise,2007,jcb,Petrol
Ellery,Daulton,Russia,Chrysler,Cirrus,Blue,1998,mastercard,Diesel
Pierre,Vallantine,France,Mercury,Grand Marquis,Fuscia,1987,diners-club-enroute,Diesel
Mackenzie,Gillions,United States,Ford,###,Khaki,2004,mastercard,Petrol
Felipe,Zellner,Peru,Toyota,RAV4,Mauv,1996,laser,Diesel
Whitman,Cobden,Brazil,Volkswagen,GTI,Khaki,2001,jcb,Petrol
Myriam,Garralts,China,Chevrolet,Camaro,Goldenrod,1976,mastercard,Diesel
Libbie,Okenden,Angola,Ford,F250,Pink,2002,jcb,Petrol
Petra,Searby,Indonesia,Mazda,MX-5,Goldenrod,1999,jcb,Diesel
Roze,Barnhart,Russia,Lincoln,Navigator,Crimson,2005,jcb,Petrol
Bette-ann,Helversen,Portugal,Ford,F-Series,Turquoise,2005,diners-club-us-ca,Petrol
Raychel,Sey,Portugal,Nissan,350Z,Turquoise,2008,jcb,Petrol
Corabelle,Thames,El Salvador,Ford,Expedition,Purple,2001,jcb,Petrol
Julie,Mathison,Finland,Ford,E350,Maroon,2009,jcb,Petrol
Rutger,Loakes,Ivory Coast,GMC,Sierra 2500,Khaki,1999,visa,Diesel
Rodrigo,Druce,China,Suzuki,Vitara,Crimson,2003,bankcard,Petrol
Karylin,Mabbe,Poland,Saturn,Outlook,Blue,2008,mastercard,Petrol
Angelico,McMennum,Indonesia,GMC,Savana 2500,Purple,1998,jcb,Diesel
L;urette,Allridge,Indonesia,Suzuki,###,Khaki,2000,laser,Diesel
Vachel,###,Bosnia and Herzegovina,Ford,Escape,Pink,2004,switch,Petrol
Faye,Pavyer,Poland,Kia,Sedona,Mauv,###,visa,Petrol
Koralle,Fremantle,Mexico,Buick,Terraza,Maroon,2006,switch,Petrol
Muire,Skace,Indonesia,Chevrolet,Corvair 500,Yellow,1963,maestro,Diesel
Pennie,Tewkesbury,Poland,Suzuki,XL7,Goldenrod,2007,jcb,Petrol
Ephrem,Titterrell,Mongolia,Aston Martin,DB9,Aquamarine,2011,americanexpress,Petrol
Welby,Purchon,Poland,Geo,Tracker,Aquamarine,1992,jcb,Diesel
Joelynn,Camili,China,Ford,Crown Victoria,Orange,2011,diners-club-us-ca,Petrol
Davina,Gillie,Poland,Nissan,Titan,Red,2010,americanexpress,Petrol
Major,Vicent,Tuvalu,Chevrolet,Silverado 2500,Goldenrod,2007,china-unionpay,Petrol
Sandie,Dagleas,France,Ford,Expedition,Red,2008,jcb,Petrol
Ewell,Deignan,Philippines,Mazda,MX-5,Violet,2004,diners-club-carte-blanche,Petrol
Sidney,Jersch,Philippines,Scion,tC,Orange,2012,jcb,Petrol
Sapphira,Giacomazzo,China,Ford,Aerostar,Orange,1997,jcb,Diesel
Truman,Carleton,Slovenia,Toyota,Tacoma Xtra,Teal,2001,jcb,Petrol
Willyt,Ferrillio,China,Chevrolet,Express,Teal,###,jcb,Petrol
Olivier,Kingham,###,Jeep,Grand Cherokee,Green,1995,jcb,Diesel
Estevan,Kobpac,Pakistan,Spyker,C8 Spyder Wide Body,Khaki,2004,switch,Petrol
Euphemia,Rust,Peru,Dodge,Caravan,Indigo,2005,mastercard,Petrol
Janette,Beakes,Indonesia,Mitsubishi,Mirage,Indigo,1999,maestro,Diesel
Taffy,Getten,China,Suzuki,Samurai,Yellow,1995,jcb,Diesel
Bernardo,Bartoszek,China,Cadillac,Seville,Purple,1996,jcb,Diesel
Hagan,McCowan,Portugal,Pontiac,Firebird,Khaki,1988,diners-club-carte-blanche,Diesel
Kris,Maslen,Indonesia,BMW,8 Series,Puce,1994,bankcard,Diesel
Gabbie,Feifer,Philippines,Ford,Th!nk,Turquoise,2002,switch,Petrol
Carolee,Milazzo,Portugal,Mitsubishi,Eclipse,Purple,2011,laser,Petrol
Lynnet,Baines,Portugal,Ford,Mustang,Violet,2013,mastercard,Petrol
Goldia,Folli,Indonesia,Dodge,Caravan,Red,2010,maestro,Petrol
Guinna,Borgars,Japan,Mercury,Milan,Blue,2007,jcb,Petrol
Welbie,Alfonso,Japan,Volvo,XC90,Red,2007,jcb,Petrol
Portia,Stollhofer,Sweden,Pontiac,Trans Sport,Puce,1995,visa-electron,Diesel
Chrisy,Jakovijevic,Indonesia,Hummer,H2,Mauv,2003,jcb,Petrol
Harcourt,Attree,Honduras,Ford,ZX2,Pink,2002,china-unionpay,Petrol
Natalya,Bonnier,China,BMW,3 Series,Indigo,1999,mastercard,Diesel
Maynard,Heintze,Poland,Chevrolet,Cobalt,Red,2010,switch,Petrol
Claybourne,Toderi,China,Mazda,Protege,Orange,1998,bankcard,Diesel
Rivy,Cayford,Indonesia,Saab,900,Teal,1985,jcb,Diesel
Beatrix,Bartol,Brazil,Toyota,TundraMax,Pink,2010,jcb,Petrol
Romola,Mattiuzzi,Latvia,Ford,Thunderbird,Purple,2003,jcb,Petrol
Harriette,Kees,Russia,Nissan,Sentra,Blue,2006,jcb,Petrol
Tobias,Brundale,China,Dodge,Caravan,Teal,1985,jcb,Diesel
Nicolle,Satford,Ukraine,Mercedes-Benz,SLK-Class,Mauv,2005,jcb,Petrol
Roderigo,Addinall,New Zealand,###,Nubira,Yellow,2001,maestro,Petrol
Mar,Hathaway,China,Volkswagen,Passat,Indigo,1990,jcb,Diesel
Crystie,Luca,Indonesia,Honda,Civic,Green,2001,jcb,Petrol
Emlyn,Carmont,Indonesia,Mazda,Mazda6,Pink,2010,jcb,Petrol
Kellby,O'Kane,Poland,Jeep,Commander,Khaki,2006,jcb,Petrol
Lilah,Rylatt,Vietnam,Lincoln,MKT,Puce,2010,jcb,Petrol
Kayla,Saffon,Indonesia,Chevrolet,Metro,Blue,1999,jcb,Diesel
Mareah,Prior,Lithuania,Chevrolet,Malibu,Purple,1999,bankcard,Diesel
Gordon,Wakelin,Guatemala,Nissan,Frontier,Red,2000,diners-club-us-ca,Diesel
Cherry,Tigner,Ireland,Lexus,RX,Pink,2003,jcb,Petrol
Carey,Morter,Ukraine,Chevrolet,Express 1500,Blue,1998,laser,Diesel
Steffen,Botha,Costa Rica,Volvo,940,Goldenrod,1994,americanexpress,Diesel
Corilla,Grahlmans,Russia,BMW,3 Series,Green,1998,instapayment,Diesel
Ray,Fearey,Philippines,Mercury,Milan,Red,2007,jcb,Petrol
Wilburt,Gooderham,Philippines,Lotus,Esprit,Mauv,1992,visa-electron,Diesel
Katine,Ollenbuttel,Indonesia,Chrysler,200,Fuscia,2012,jcb,Petrol
Ardella,Gollop,Indonesia,Mitsubishi,Precis,Teal,1992,jcb,Diesel
Christopher,Luis,Philippines,Jaguar,XK Series,Puce,2002,jcb,Petrol
Collete,Cockell,Indonesia,Chrysler,###,Violet,2009,maestro,Petrol
Maxine,Ganning,Peru,Honda,Accord Crosstour,Crimson,2010,visa-electron,Petrol
Brittni,de Amaya,Thailand,Ford,F150,Goldenrod,2008,bankcard,Petrol
Drucie,Churm,Indonesia,Spyker,C8,Crimson,2006,jcb,Petrol
Birdie,Bettenay,United States,Dodge,Intrepid,Purple,1993,jcb,Diesel
Germain,Teggin,Japan,Buick,Lucerne,Red,2007,jcb,Petrol
Anabella,Goundsy,Portugal,GMC,1500 Club Coupe,Blue,1996,visa-electron,Diesel
Zitella,Shrubb,Oman,Lexus,GS,Violet,2009,jcb,Petrol
Nico,Shevels,Vietnam,Volkswagen,GTI,Mauv,2009,jcb,Petrol
Viviana,Boniface,Brazil,Lincoln,Navigator,Crimson,1999,mastercard,Diesel
Brynna,McColl,Netherlands,Jeep,Grand Cherokee,Fuscia,2005,visa-electron,Petrol
Kathie,Trenchard,Colombia,Pontiac,Grand Am,Khaki,1997,switch,Diesel
Cami,Partleton,China,GMC,Jimmy,Green,1993,mastercard,Diesel
Katya,Drable,United States,Acura,MDX,Pink,2012,diners-club-enroute,Petrol
Bernette,Godin,Sweden,Chevrolet,Express 1500,###,1996,instapayment,Diesel
Rosalinda,Riley,Portugal,Pontiac,Grand Am,Crimson,1995,maestro,Diesel
Nicoline,Heistermann,Portugal,Dodge,Ram 2500,Goldenrod,1996,jcb,Diesel
Monti,De Carolis,China,Mitsubishi,Pajero,Fuscia,1991,diners-club-carte-blanche,Diesel
Tiff,Amphlett,Poland,Ford,Thunderbird,Turquoise,2003,visa,Petrol
Reginald,Guerry,Indonesia,Mercedes-Benz,R-Class,Purple,2006,visa-electron,Petrol
Tyson,Heffron,Cyprus,Dodge,Durango,Violet,2003,mastercard,Petrol
Britt,Schulter,China,Pontiac,Gemini,Green,1986,jcb,Diesel
Seka,Scandrett,Argentina,Lincoln,MKS,Orange,2012,jcb,Petrol
Blanch,Payler,China,Toyota,Prius Plug-in,Goldenrod,2012,jcb,Petrol
Baudoin,Benezeit,Philippines,BMW,330,Aquamarine,2006,jcb,Petrol
Shae,Mayfield,Peru,GMC,2500 Club Coupe,Fuscia,1992,diners-club-international,Diesel
Chantalle,LeEstut,China,Mercury,Cougar,Blue,1997,china-unionpay,Diesel
Eduardo,Dawidowicz,Norway,Chevrolet,G-Series G20,Maroon,1995,visa-electron,Diesel
Claudette,Langdale,Philippines,###,LX,Violet,2000,jcb,Diesel
Kerri,Ajam,Bolivia,BMW,5 Series,Maroon,2012,jcb,Petrol
Hector,Sturm,Tanzania,Oldsmobile,Silhouette,Violet,1992,jcb,Diesel
Antone,Gentry,Poland,Mercury,Grand Marquis,Orange,2007,china-unionpay,Petrol
Johnny,Behninck,Norway,Chrysler,Town & Country,Puce,1996,jcb,Diesel
Chrysa,Bloy,Malawi,Ford,E-Series,Pink,2005,jcb,Petrol
Codi,Sibbons,China,Dodge,Grand Caravan,Yellow,1993,visa-electron,Diesel
Caria,Benard,China,Volkswagen,Golf,Green,1987,jcb,Diesel
Othello,Spriggs,South Africa,Ford,F150,Orange,1992,diners-club-carte-blanche,Diesel
Madelaine,Lacky,Namibia,Saturn,S-Series,Teal,2000,switch,Diesel
Averil,Ekkel,United States,Ford,Flex,Crimson,2010,bankcard,Petrol
Darby,Bonde,Ukraine,GMC,Sierra 1500,Yellow,2002,instapayment,Petrol
Garret,Oxbe,Morocco,Kia,Spectra,Orange,2009,jcb,Petrol
Kimble,Cable,Pakistan,Dodge,Dakota,Green,2004,americanexpress,Petrol
Edith,Kaysor,Chad,Chevrolet,Camaro,Yellow,1973,diners-club-us-ca,Diesel
Steffane,Wix,Lithuania,Land Rover,Range Rover Sport,Blue,2009,americanexpress,Petrol
Alphard,McGeachie,Canada,Jaguar,XJ,Blue,2009,jcb,Petrol
Halsey,Capponer,Russia,Plymouth,Sundance,Green,1992,switch,Diesel
Link,Dowles,Indonesia,Infiniti,G,Teal,2004,switch,Petrol
Jonis,McGrill,Greece,Dodge,Ram 3500,Goldenrod,2004,mastercard,Petrol
Helga,Arbuckel,China,Dodge,Ram Van 2500,Yellow,2001,jcb,Petrol
Mycah,Tisor,Norway,Geo,Metro,Mauv,1994,jcb,Diesel
Berke,Clem,Kuwait,Chevrolet,Tahoe,Maroon,2001,bankcard,Petrol
Raye,Millsom,Libya,###,Monte Carlo,Red,2007,bankcard,Petrol
Clarey,Kalinsky,China,Jaguar,XJ Series,Aquamarine,1996,china-unionpay,Diesel
Jayme,Mussalli,Philippines,BMW,M5,Orange,2000,jcb,Diesel
Felipe,Sushams,Kyrgyzstan,Chrysler,Sebring,Teal,2004,jcb,Petrol
Arline,Ellen,Brazil,Dodge,Avenger,Mauv,1995,diners-club-carte-blanche,Diesel
Agustin,Goulthorp,Slovenia,Jaguar,XJ Series,Goldenrod,2005,diners-club-carte-blanche,Petrol
Cyril,Carlin,China,Chevrolet,Equinox,Teal,2009,jcb,Petrol
Britney,Clementet,Albania,Mazda,Miata MX-5,Teal,1992,jcb,Diesel
Nada,Spracklin,Indonesia,Ford,Escape,Turquoise,2012,jcb,Petrol
Nelia,Bugs,Palestinian Territory,Mitsubishi,Eclipse,Mauv,1991,jcb,Diesel
Valera,Petlyura,Czech Republic,Chevrolet,TrailBlazer,Crimson,2007,americanexpress,Petrol
Mareah,Ambrosch,France,Honda,Prelude,Khaki,2001,maestro,Petrol
Waldon,Lundon,Indonesia,Ford,F150,Orange,2009,jcb,Petrol
Cecil,Cordet,Papua New Guinea,Ford,F150,Turquoise,2006,switch,Petrol
Gael,Anear,East Timor,Subaru,Justy,Maroon,1989,visa-electron,Diesel
Willetta,Tallow,Indonesia,Hummer,H1,Teal,2003,china-unionpay,Petrol
Winnifred,Osmant,Luxembourg,Volvo,850,Fuscia,1997,instapayment,Diesel
Basil,Clelle,South Africa,Land Rover,Range Rover Sport,Maroon,2012,jcb,Petrol
Adrienne,Sooley,Kazakhstan,Ford,Escort,Violet,1998,switch,Diesel
Melba,Aslie,China,Mercury,Capri,Maroon,1985,switch,Diesel
Lanni,Fippe,Portugal,Mercedes-Benz,SL-Class,Green,2001,visa-electron,Petrol
Noni,Tether,Colombia,Ford,Explorer,Red,2009,jcb,Petrol
Katina,Donnan,United States,Infiniti,M,Purple,2011,laser,Petrol
Alejandra,Isaacson,China,Volkswagen,Eos,Violet,2012,jcb,Petrol
Hadleigh,Giocannoni,Indonesia,Volvo,V40,Khaki,2002,china-unionpay,Petrol
Hy,Kase,China,Ford,Windstar,Fuscia,2002,switch,Petrol
Vita,Bernath,Indonesia,Buick,Riviera,Violet,1997,visa-electron,Diesel
Cristy,Tregido,Saudi Arabia,Chevrolet,Suburban 1500,Violet,2007,switch,Petrol
Ancell,Bownde,Russia,Audi,Quattro,Blue,1993,mastercard,Diesel
Maurie,Crenage,Thailand,BMW,7 Series,Orange,1994,jcb,Diesel
Cathleen,Dowers,Dominican Republic,Lotus,Elise,Indigo,2006,jcb,Petrol
Milzie,Pilley,China,Ford,Bronco,Aquamarine,1984,jcb,Diesel
Maybelle,Uzzell,Greece,Aston Martin,V8 Vantage S,Pink,2012,diners-club-enroute,Petrol
Rana,Sidnall,Indonesia,Toyota,Paseo,Yellow,1996,maestro,Diesel
Leo,Checchi,Russia,Mercedes-Benz,SL-Class,Aquamarine,1989,americanexpress,Diesel
Upton,Gladdish,Netherlands,Mazda,Mazdaspeed6,Yellow,2006,mastercard,Petrol
Collin,Sprowles,China,Subaru,Tribeca,Purple,2008,jcb,Petrol
Odele,Shiel,France,Buick,Regal,Blue,1998,visa,Diesel
Arielle,Jachimczak,Ukraine,Isuzu,Trooper,Maroon,1995,instapayment,Diesel
Ingeborg,Houlworth,China,Ford,E250,Pink,2004,jcb,Petrol
Ashleigh,Atwood,Norway,Volvo,S40,Goldenrod,2009,mastercard,Petrol
Feliza,Varsey,Argentina,Mazda,Mazda6,Orange,2009,jcb,Petrol
Desmond,Bruckenthal,Kenya,Dodge,Caravan,Fuscia,2010,china-unionpay,Petrol
Gaspar,Qusklay,Ecuador,Mitsubishi,Galant,###,2003,americanexpress,Petrol
Wadsworth,Vallance,Albania,Mercedes-Benz,M-Class,Green,2000,diners-club-enroute,Diesel
Freedman,Dignall,Philippines,Hyundai,Elantra,Mauv,1993,diners-club-enroute,Diesel
Laurette,Rowes,Latvia,Nissan,Altima,Orange,2000,china-unionpay,Diesel
Jacqueline,Attow,North Korea,Chevrolet,Avalanche,Yellow,2006,jcb,Petrol
Saloma,Duke,Myanmar,Lexus,ES,Pink,2005,jcb,Petrol
Zaria,Rivenzon,Colombia,Audi,S8,Khaki,2003,maestro,Petrol
Dasha,Sute,Russia,Mazda,MX-5,Maroon,1999,jcb,Diesel
Brooke,Stolting,China,Chrysler,PT Cruiser,Teal,2001,jcb,Petrol
Winny,Loadman,China,Honda,del Sol,Mauv,1995,bankcard,Diesel
Siouxie,Coolahan,Portugal,Lincoln,Navigator L,Indigo,2008,mastercard,Petrol
Gae,Melding,Indonesia,Cadillac,DTS,Orange,2009,maestro,Petrol
Giuseppe,Dwine,China,Chrysler,Town & Country,Orange,1995,americanexpress,Diesel
Alberik,Mursell,China,Honda,Accord,Orange,1996,diners-club-enroute,Diesel
Johann,Crush,Sri Lanka,Mazda,323,Purple,1994,mastercard,Diesel
Rudyard,Cramphorn,France,Hyundai,Sonata,Blue,2009,jcb,Petrol
Dallis,Stokey,Honduras,Toyota,Matrix,Orange,2004,jcb,Petrol
Cordie,Staines,France,###,Grand Caravan,Goldenrod,2010,jcb,Petrol
Teri,Lampard,Bosnia and Herzegovina,Volkswagen,Touareg,Green,2012,switch,Petrol
Rene,Wookey,China,Toyota,Supra,Teal,1992,switch,Diesel
Baudoin,Peevor,Philippines,Kia,Sportage,Pink,2008,china-unionpay,Petrol
Shanan,Nazer,Spain,GMC,Sonoma Club Coupe,Red,1994,jcb,Diesel
Daisi,Hawkswood,Brazil,Ford,F250,Red,1993,laser,Diesel
Weylin,Potes,Brazil,Acura,TSX,Green,2005,visa,Petrol
Nerita,Roussell,Poland,Dodge,Sprinter,Maroon,2006,jcb,Petrol
Devlen,Hovey,Indonesia,Mercury,Topaz,###,1991,jcb,Diesel
Emilio,Muschette,###,Pontiac,LeMans,Turquoise,1993,bankcard,Diesel
